insert into Phongkt
values('phong101',N'Nam',N'tầng 1',N'Phòng 8 người',N'Sẵn sàng'),
('phong102',N'Nữ',N'tầng 1',N'Phòng 10 người',N'Sẵn sàng'),
('phong201',N'Nam',N'tầng 2',N'Phòng 8 người',N'Sẵn sàng'),
('phong202',N'Nữ',N'tầng 2',N'Phòng 10 người',N'Sẵn sàng'),
('phong301',N'Nam',N'tầng 3',N'Phòng 8 người',N'Sẵn sàng'),
('phong302',N'Nữ',N'tầng 3',N'Phòng 10 người',N'Sẵn sàng'),
('phong401',N'Nam',N'tầng 4',N'Phòng 8 người',N'Sẵn sàng'),
('phong402',N'Nữ',N'tầng 4',N'Phòng 10 người',N'Sẵn sàng'),
('phong501',N'Nam',N'tầng 5',N'Phòng 8 người',N'Sẵn sàng'),
('phong502',N'Nữ',N'tầng 5',N'Phòng 10 người',N'Sẵn sàng'),
('phong503',N'Nam',N'tầng 5',N'Phòng 10 người',N'Bảo trì')

insert into SINHVIENVAO
values
('10119540','phong101',N'Nguyễn Hữu Hiếu',N'Nam','1999-01-03',N'Hà Nội','0566211944','101181','2018-08-19'),
('10119538','phong102',N'Nguyễn Thị Thu',N'Nữ','2001-02-10',N'Hà Nam','0566211951','101191','2019-08-19'),
('10119537','phong201',N'Nguyễn Đức Cường',N'Nam','2001-12-09',N'Hải Dương','0566211952','101192','2019-08-19'),
('10119536','phong202',N'Nguyễn Thu Hường',N'Nam','2001-02-09',N'Hải Phòng','0566211953','101193','2019-08-19'),
('10119535','phong301',N'Nguyễn Chí Mạnh',N'Nam','2001-03-01',N'Hưng Yên','0566211954','101194','2019-08-19'),
('10119534','phong302',N'Nguyễn Hương Thảo',N'Nữ','2001-06-09',N'Hà Nội','0566211955','101195','2019-08-19'),
('10119533','phong401',N'Vũ Đăng Thắng',N'Nam','2001-07-19',N'Hà Nam','0566211956','101196','2019-08-19'),
('10119532','phong402',N'Đặng Thu Mai',N'Nữ','2001-02-19',N'Đà Nẵng','0566211957','101197','2019-08-19'),
('10119531','phong501',N'Nguyễn Trần Anh Thắng',N'Nam','2001-02-09',N'Hà Nội','0566211958','101198','2019-08-19'),
('10119530','phong502',N'Nguyễn Khả Vy',N'Nữ','2001-07-29',N'Hưng Yên','0566211959','101199','2019-08-19'),
('10119539','phong101',N'Nguyễn Văn An',N'Nam','2001-02-09',N'Hà Nội','0566211950','101190','2019-08-19')


insert into SINHVIENRA
values(
'10115539','phong101',N'Nguyễn Văn Cao',N'Nam','1999-03-20',N'Hà Nội','0566211930','101190','2021-09-08'),
('10115538','phong102',N'Nguyễn Thị Bé',N'Nữ','1999-03-21',N'Hà Nam','0566211931','101191','2021-09-08'),
('10115537','phong201',N'Nguyễn Văn Công',N'Nam','1999-02-22',N'Hải Dương','0566211932','101192','2021-09-08'),
('10115536','phong202',N'Nguyễn Thị Hà',N'Nữ','1999-03-23',N'Hải Phòng','0566211933','101193','2021-09-08'),
('10115535','phong301',N'Nguyễn Đức Tuấn',N'Nam','1999-03-24',N'Hưng Yên','0566211934','101194','2021-09-08'),
('10115534','phong302',N'Nguyễn Hương Thảo',N'Nữ','1999-03-25',N'Hà Nội','0566211935','101195','2021-09-08'),
('10115533','phong401',N'Vũ Đăng Hải',N'Nam','1999-03-26',N'Hà Nam','0566211936','101196','2021-09-08'),
('10115532','phong402',N'Đặng Phương Mai',N'Nữ','1999-03-27',N'Đà Nẵng','0566211937','101197','2021-09-08'),
('10115531','phong501',N'Nguyễn Trần Thắng',N'Nam','1999-03-28',N'Hà Nội','0566211938','101198','2021-09-08'),
('10115530','phong502',N'Nguyễn Khả Hân',N'Nữ','1999-03-29',N'Hưng Yên','0566211939','101199','2021-09-08')

insert into Hoadonphong
values
('hd101','phong101',200000,201000,150000,null),
('hd102','phong102',210000,202000,150000,null),
('hd201','phong201',220000,203000,150000,null),
('hd222','phong202',230000,204000,150000,null),
('hd301','phong301',240000,205000,150000,null),
('hd302','phong302',220000,205000,150000,null),
('hd401','phong401',210000,203000,150000,null),
('hd202','phong402',240000,201000,150000,null),
('hd501','phong501',250000,205000,150000,null),
('hd502','phong502',230000,200500,150000,null)

insert into Hoadonsv
values
('hdsv1','10119539',125000,100000,null),
('hdsv2','10119538',125000,100000,null),
('hdsv3','10119537',125000,100000,null),
('hdsv4','10119536',125000,100000,null),
('hdsv5','10119535',125000,100000,null),
('hdsv6','10119534',125000,100000,null),
('hdsv7','10119533',125000,100000,null),
('hdsv8','10119532',125000,100000,null),
('hdsv9','10119531',125000,100000,null),
('hdsv10','10119530',125000,100000,null)
